{
  "BTCUSD": {
    "previous_price": 115047.995,
    "current_price": 115502.0,
    "change_percent": 0.39462226177866433,
    "timestamp": "2025-07-25T16:05:11.645279"
  }
}